City_ID,City,Lat,Lng,Max Temp,Humidity,Cloudiness,Wind Speed,Country,Date
0,Narsaq,60.9167,-46.05,43.02,89,100,5.82,GL,2022-05-12 14:33:32
1,Arraial Do Cabo,-22.9661,-42.0278,71.46,88,100,9.22,BR,2022-05-12 14:33:33
2,Torbay,47.6666,-52.7314,61.75,87,75,19.57,CA,2022-05-12 14:36:47
3,Jamestown,42.097,-79.2353,76.01,36,0,8.05,US,2022-05-12 14:36:48
4,Port Elizabeth,-33.918,25.5701,68.29,71,0,11.5,ZA,2022-05-12 14:33:34
5,Saint-Philippe,-21.3585,55.7679,76.59,76,76,8.25,RE,2022-05-12 14:36:49
6,Wawa,9.9022,4.4192,99.07,33,76,4.56,NG,2022-05-12 14:36:49
7,Hobyo,5.3505,48.5268,83.35,77,80,26.19,SO,2022-05-12 14:33:36
8,Longyearbyen,78.2186,15.6401,21.04,63,0,14.97,SJ,2022-05-12 14:33:36
9,Bredasdorp,-34.5322,20.0403,63.91,49,0,13.18,ZA,2022-05-12 14:33:37
10,Adrar,20.5022,-10.0711,106.75,7,0,9.55,MR,2022-05-12 14:33:37
11,Cape Town,-33.9258,18.4232,66.11,65,75,18.41,ZA,2022-05-12 14:31:57
12,Luderitz,-26.6481,15.1594,63.21,68,0,19.08,NA,2022-05-12 14:33:38
13,Laguna,38.421,-121.4238,52.97,73,0,6.91,US,2022-05-12 14:33:39
14,Namibe,-15.1961,12.1522,77.63,69,0,13.8,AO,2022-05-12 14:33:39
15,Frankfort,-27.2667,28.4833,64.47,31,0,5.08,ZA,2022-05-12 14:33:40
16,Mehamn,71.0357,27.8492,40.91,93,100,21.07,NO,2022-05-12 14:33:40
17,Ninotsminda,41.2646,43.5916,40.33,77,92,9.01,GE,2022-05-12 14:33:41
18,Chuy,-33.6971,-53.4616,63.05,57,23,8.57,UY,2022-05-12 14:33:41
19,Hithadhoo,-0.6,73.0833,83.66,71,99,14.12,MV,2022-05-12 14:33:42
20,Mitsamiouli,-11.3847,43.2844,86.29,54,20,11.5,KM,2022-05-12 14:33:42
21,Makhachkala,42.9764,47.5024,62.58,53,100,5.61,RU,2022-05-12 14:33:43
22,Fereydun Kenar,36.6864,52.5225,66.42,77,0,0.0,IR,2022-05-12 14:33:43
23,Brigantine,39.4101,-74.3646,55.6,97,100,12.66,US,2022-05-12 14:33:44
24,Mar Del Plata,-38.0023,-57.5575,56.95,73,75,8.05,AR,2022-05-12 14:33:45
25,Ushuaia,-54.8,-68.3,44.22,93,100,4.61,AR,2022-05-12 14:33:45
26,Buriti Dos Lopes,-3.175,-41.8669,87.55,65,47,1.57,BR,2022-05-12 14:33:46
27,Pisco,-13.7,-76.2167,65.01,82,20,4.61,PE,2022-05-12 14:33:46
28,Hermanus,-34.4187,19.2345,67.8,58,3,14.5,ZA,2022-05-12 14:33:47
29,Mgandu,-5.95,34.1333,74.68,46,86,4.0,TZ,2022-05-12 14:33:47
30,Busselton,-33.65,115.3333,55.38,80,64,15.86,AU,2022-05-12 14:33:48
31,Port Alfred,-33.5906,26.891,70.18,74,0,4.21,ZA,2022-05-12 14:33:49
32,Meadville,41.6414,-80.1515,74.91,34,0,8.05,US,2022-05-12 14:33:49
33,Marsh Harbour,26.5412,-77.0636,74.23,65,3,1.07,BS,2022-05-12 14:33:50
34,Omaruru,-21.4333,15.9333,82.27,13,0,6.6,NA,2022-05-12 14:33:50
35,Cockburn Town,21.4612,-71.1419,80.28,80,100,12.73,TC,2022-05-12 14:29:14
36,Ambatondrazaka,-17.8333,48.4167,65.77,86,16,7.09,MG,2022-05-12 14:33:51
37,Dikson,73.5069,80.5464,14.36,87,29,0.43,RU,2022-05-12 14:33:52
38,Tasiilaq,65.6145,-37.6368,26.76,53,100,3.56,GL,2022-05-12 14:33:52
39,Little Current,45.9793,-81.9248,66.42,70,100,8.97,CA,2022-05-12 14:33:53
40,Victoria,22.2855,114.1577,77.25,94,100,1.99,HK,2022-05-12 14:30:25
41,Marmande,44.5,0.1667,71.91,56,100,4.25,FR,2022-05-12 14:33:54
42,East London,-33.0153,27.9116,72.54,78,0,5.75,ZA,2022-05-12 14:33:54
43,Jiwani,25.05,61.7417,85.26,68,1,14.34,PK,2022-05-12 14:33:55
44,Gehrden,52.3136,9.6003,68.68,42,0,11.5,DE,2022-05-12 14:33:55
45,Tabuk,17.4189,121.4443,77.68,84,100,2.64,PH,2022-05-12 14:33:56
46,Punta Arenas,-53.15,-70.9167,44.71,87,75,11.5,CL,2022-05-12 14:34:56
47,Cidreira,-30.1811,-50.2056,63.99,67,13,10.96,BR,2022-05-12 14:34:57
48,Carnarvon,-24.8667,113.6333,69.87,94,75,16.11,AU,2022-05-12 14:37:58
49,Rafsanjan,30.4067,55.9939,86.95,6,0,4.43,IR,2022-05-12 14:37:59
50,Saint George,37.1041,-113.5841,56.79,36,0,3.44,US,2022-05-12 14:34:59
51,Sandy Bay,-42.913,147.3532,50.09,91,79,5.75,AU,2022-05-12 14:34:59
52,Raga,8.4596,25.678,69.42,87,100,7.18,SS,2022-05-12 14:35:00
53,Rio Grande,-32.035,-52.0986,62.71,64,23,10.76,BR,2022-05-12 14:35:00
54,Tirumullaivasal,11.2333,79.8333,86.02,60,100,3.02,IN,2022-05-12 14:35:01
55,Caravelas,-17.7125,-39.2481,86.99,50,100,6.2,BR,2022-05-12 14:35:01
56,Ribeira Grande,38.5167,-28.7,63.0,63,75,12.66,PT,2022-05-12 14:35:02
57,Sabha,27.0377,14.4283,81.43,21,0,10.07,LY,2022-05-12 14:35:02
58,Marrakesh,31.6315,-8.0083,89.67,23,40,16.11,MA,2022-05-12 14:32:57
59,Birjand,32.8663,59.2211,86.47,3,0,16.11,IR,2022-05-12 14:33:36
60,Upernavik,72.7868,-56.1549,16.63,79,6,7.31,GL,2022-05-12 14:35:03
61,Pangody,65.85,74.4859,38.01,96,100,8.86,RU,2022-05-12 14:35:04
62,Klaksvik,62.2266,-6.589,47.32,84,100,15.17,FO,2022-05-12 14:35:04
63,Benguela,-12.5763,13.4055,81.25,72,13,7.45,AO,2022-05-12 14:35:05
64,Maceio,-9.6658,-35.7353,83.64,69,75,10.36,BR,2022-05-12 14:31:58
65,Maniitsoq,65.4167,-52.9,30.2,66,4,15.9,GL,2022-05-12 14:35:05
66,Alta Floresta,-9.8756,-56.0861,91.22,49,0,5.75,BR,2022-05-12 14:35:06
67,Hirtshals,57.5881,9.9592,50.95,77,78,22.91,DK,2022-05-12 14:35:07
68,Punta Alta,-38.8759,-62.0736,59.94,49,96,14.25,AR,2022-05-12 14:30:14
69,Hamilton,39.1834,-84.5333,77.74,45,40,10.36,US,2022-05-12 14:34:27
70,Melito Di Porto Salvo,37.9222,15.7714,76.89,33,75,17.27,IT,2022-05-12 14:35:08
71,Saint-Francois,46.4154,3.9054,74.68,64,100,2.3,FR,2022-05-12 14:35:08
72,Kokkola,63.8385,23.1307,51.96,76,20,3.44,FI,2022-05-12 14:35:09
73,Urumqi,43.801,87.6005,65.35,37,0,11.18,CN,2022-05-12 14:34:02
74,Cleveland,41.4995,-81.6954,78.75,32,0,8.05,US,2022-05-12 14:34:06
75,Guiratinga,-16.3494,-53.7583,85.32,46,100,2.51,BR,2022-05-12 14:35:10
76,Qaanaaq,77.484,-69.3632,16.45,70,17,4.52,GL,2022-05-12 14:35:10
77,Vardo,70.3705,31.1107,40.98,75,75,13.8,NO,2022-05-12 14:35:11
78,Batticaloa,7.7102,81.6924,84.11,68,25,9.31,LK,2022-05-12 14:39:21
79,Serebryansk,49.6925,83.2892,56.91,42,0,2.55,KZ,2022-05-12 14:39:21
80,Wagar,16.1525,36.2032,105.93,9,0,17.45,SD,2022-05-12 14:35:12
81,Boden,65.8252,21.6886,46.4,50,86,4.14,SE,2022-05-12 14:35:13
82,Souillac,-20.5167,57.5167,75.58,88,40,2.3,MU,2022-05-12 14:35:13
83,Jagatsinghapur,20.2667,86.1667,84.56,77,4,13.29,IN,2022-05-12 14:35:14
84,Rocha,-34.4833,-54.3333,61.29,52,35,7.92,UY,2022-05-12 14:35:14
85,Faya,18.3851,42.4509,84.72,27,5,4.72,SA,2022-05-12 14:35:15
86,Usinsk,65.9939,57.5281,46.54,91,100,22.75,RU,2022-05-12 14:33:22
87,Lagoa,39.05,-27.9833,60.15,67,100,10.09,PT,2022-05-12 14:35:16
88,Coquimbo,-29.9533,-71.3436,55.13,87,100,2.3,CL,2022-05-12 14:32:35
89,Mikhaylovka,50.06,43.2379,60.3,69,100,9.75,RU,2022-05-12 14:35:16
90,Amapa,1.0,-52.0,78.91,95,50,4.9,BR,2022-05-12 14:35:17
91,Paramonga,-10.6667,-77.8333,66.56,82,78,6.64,PE,2022-05-12 14:35:17
92,Clyde River,70.4692,-68.5914,21.43,68,0,12.66,CA,2022-05-12 14:35:18
93,Kavaratti,10.5669,72.642,84.65,68,100,14.56,IN,2022-05-12 14:40:24
94,Trairi,-3.2778,-39.2689,85.21,70,47,8.46,BR,2022-05-12 14:40:24
95,Vadso,70.0744,29.7487,45.48,70,75,9.22,NO,2022-05-12 14:40:25
96,Grand Gaube,-20.0064,57.6608,75.6,83,8,1.99,MU,2022-05-12 14:40:25
97,Nuuk,64.1835,-51.7216,32.61,93,100,8.05,GL,2022-05-12 14:40:26
98,Ibicarai,-14.865,-39.5875,88.86,45,66,2.24,BR,2022-05-12 14:40:26
99,Arrecife,28.963,-13.5477,73.38,78,20,8.05,ES,2022-05-12 14:40:27
100,Harper,4.375,-7.7169,78.3,91,100,10.27,LR,2022-05-12 14:40:27
101,Bull Savanna,17.8868,-77.5902,81.36,64,7,11.54,JM,2022-05-12 14:40:28
102,Mormugao,15.4,73.8,83.66,82,100,15.68,IN,2022-05-12 14:40:28
103,Thunder Bay,48.4001,-89.3168,52.29,93,100,5.75,CA,2022-05-12 14:40:29
104,Geraldton,-28.7667,114.6,55.81,88,100,8.05,AU,2022-05-12 14:40:27
105,Ancud,-41.8697,-73.8203,52.66,84,80,8.7,CL,2022-05-12 14:40:30
106,Krasnoselkup,65.7,82.4667,38.66,99,100,5.26,RU,2022-05-12 14:40:30
107,Mikkeli,61.6886,27.2723,51.15,87,75,13.8,FI,2022-05-12 14:40:31
108,Kantunilkin,21.0917,-87.45,84.47,41,0,4.63,MX,2022-05-12 14:40:31
109,Port-Gentil,-0.7193,8.7815,84.16,79,40,6.91,GA,2022-05-12 14:40:32
110,Saquena,-4.6667,-73.5167,86.09,65,56,2.77,PE,2022-05-12 14:40:32
111,Kudahuvadhoo,2.6708,72.8944,83.17,79,42,16.55,MV,2022-05-12 14:40:33
112,Canals,38.9625,-0.5844,75.2,47,99,5.01,ES,2022-05-12 14:40:34
113,Henderson,36.0397,-114.9819,63.18,27,0,10.36,US,2022-05-12 14:40:23
114,Baijiantan,45.6333,85.1833,69.4,43,100,9.01,CN,2022-05-12 14:40:35
115,Bereda,43.2686,-7.5406,65.93,60,100,7.31,ES,2022-05-12 14:40:36
116,Qasigiannguit,68.8193,-51.1922,25.05,72,59,4.0,GL,2022-05-12 14:40:36
117,Yar-Sale,66.8333,70.8333,35.55,100,100,4.99,RU,2022-05-12 14:40:37
118,Kalmunai,7.4167,81.8167,83.64,70,83,6.2,LK,2022-05-12 14:40:37
119,Cavalcante,-13.7975,-47.4583,86.22,28,8,2.15,BR,2022-05-12 14:40:38
120,Le Port,-20.9373,55.2919,77.0,76,19,5.17,RE,2022-05-12 14:40:38
121,Ostersund,63.1792,14.6357,50.45,57,40,17.27,SE,2022-05-12 14:40:39
122,Coihaique,-45.5752,-72.0662,40.95,93,100,5.75,CL,2022-05-12 14:40:40
123,Qostanay,53.1667,63.5833,64.69,32,0,11.18,KZ,2022-05-12 14:40:40
124,Sao Gabriel Da Cachoeira,-0.1303,-67.0892,80.4,89,75,2.3,BR,2022-05-12 14:40:41
125,Miquelon,47.0975,-56.3814,53.6,99,97,12.71,PM,2022-05-12 14:40:41
126,Pauini,-7.7136,-66.9764,85.87,62,100,4.34,BR,2022-05-12 14:40:42
127,Grand-Santi,4.25,-54.3833,83.91,68,92,4.94,GF,2022-05-12 14:40:42
128,Lebu,-37.6167,-73.65,54.27,92,100,2.26,CL,2022-05-12 14:40:43
129,Port Hawkesbury,45.6169,-61.3485,72.91,70,0,16.11,CA,2022-05-12 14:40:44
130,La Rinconada,37.4873,-5.9826,87.98,27,0,2.3,ES,2022-05-12 14:40:44
131,Belyy Yar,53.6039,91.3903,58.86,23,0,6.71,RU,2022-05-12 14:40:45
132,Palmas Bellas,9.2319,-80.0867,89.02,73,35,7.14,PA,2022-05-12 14:40:46
133,Sayat,38.7839,63.8803,84.07,17,59,12.17,TM,2022-05-12 14:40:47
134,Timra,62.487,17.3257,55.08,54,75,18.41,SE,2022-05-12 14:40:48
135,Altay,47.8667,88.1167,53.85,36,0,6.53,CN,2022-05-12 14:40:48
136,Beremend,45.7911,18.4326,88.45,40,10,2.68,HU,2022-05-12 14:40:49
137,Tazovskiy,67.4667,78.7,33.91,100,100,6.58,RU,2022-05-12 14:40:50
138,Batsfjord,70.6345,29.7185,40.93,75,75,16.11,NO,2022-05-12 14:40:50
139,Sao Filipe,14.8961,-24.4956,75.83,71,20,13.02,CV,2022-05-12 14:41:51
140,Skibbereen,51.55,-9.2667,56.1,70,79,19.46,IE,2022-05-12 14:41:52
141,Santa Isabel Do Rio Negro,-0.4139,-65.0192,87.31,63,35,4.88,BR,2022-05-12 14:41:52
142,Zambezi,-13.5432,23.1047,80.22,44,6,4.16,ZM,2022-05-12 14:41:53
143,Bathsheba,13.2167,-59.5167,86.61,66,20,20.71,BB,2022-05-12 14:41:53
144,Semirom,31.4167,51.5667,62.01,21,0,6.53,IR,2022-05-12 14:41:54
145,Villaviciosa,43.4813,-5.4357,63.61,83,100,5.21,ES,2022-05-12 14:41:54
146,Road Town,18.4167,-64.6167,82.49,78,40,29.08,VG,2022-05-12 14:41:55
147,Birin,26.8865,88.0718,62.85,86,50,4.9,NP,2022-05-12 14:41:56
148,Sao Borja,-28.6606,-56.0044,64.94,65,0,5.99,BR,2022-05-12 14:38:30
149,Bulungu,-4.55,18.6,86.85,59,45,0.69,CD,2022-05-12 14:41:57
150,Inirida,3.8653,-67.9239,87.51,65,77,1.05,CO,2022-05-12 14:41:57
151,Saint-Pierre,-21.3393,55.4781,76.68,69,40,9.22,RE,2022-05-12 14:41:58
152,Tambacounda,13.7539,-13.7586,107.11,11,8,4.92,SN,2022-05-12 14:41:59
153,Georgetown,5.4112,100.3354,85.98,83,20,3.44,MY,2022-05-12 14:42:00
154,Novoagansk,61.9449,76.6625,58.53,42,72,4.41,RU,2022-05-12 14:42:01
155,Iquique,-20.2208,-70.1431,62.64,68,3,5.1,CL,2022-05-12 14:42:02
156,Codrington,-38.2667,141.9667,56.25,90,92,4.25,AU,2022-05-12 14:42:02
157,San Borja,-14.8167,-66.85,76.59,68,86,4.27,BO,2022-05-12 14:42:03
158,Lodja,-3.4833,23.4333,85.51,59,67,2.75,CD,2022-05-12 14:42:05
159,Mahibadhoo,3.7833,72.9667,83.55,79,97,18.86,MV,2022-05-12 14:42:06
160,Manzil Salim,35.8567,8.4765,74.88,22,0,2.89,TN,2022-05-12 14:42:07
161,Rivera,-30.9053,-55.5508,58.89,67,1,6.26,UY,2022-05-12 14:42:07
162,Dingle,10.9995,122.6711,79.63,82,98,5.57,PH,2022-05-12 14:42:08
163,Sorland,67.667,12.6934,46.26,93,100,4.61,NO,2022-05-12 14:42:09
164,Walcz,53.2779,16.4712,62.64,49,97,12.8,PL,2022-05-12 14:42:10
165,Fairhope,30.523,-87.9033,86.22,60,0,5.01,US,2022-05-12 14:42:10
166,Lomme,50.6436,2.9872,68.9,44,0,14.97,FR,2022-05-12 14:42:11
167,Oxford,51.7522,-1.256,64.06,51,75,14.97,GB,2022-05-12 14:42:12
168,Mahebourg,-20.4081,57.7,75.49,88,40,2.3,MU,2022-05-12 14:42:12
169,Jogindarnagar,31.9833,76.7667,74.14,47,37,10.71,IN,2022-05-12 14:42:13
170,Les Cayes,18.2,-73.75,83.17,64,78,11.54,HT,2022-05-12 14:42:14
171,Chicama,-7.8447,-79.1469,63.14,77,95,6.38,PE,2022-05-12 14:42:15
172,Severnyy,50.677,36.5532,75.24,25,0,13.42,RU,2022-05-12 14:42:15
173,Sysert,56.4953,60.8192,60.78,55,100,3.8,RU,2022-05-12 14:42:16
174,Ginir,7.1333,40.7,69.67,49,39,7.16,ET,2022-05-12 14:42:17
175,Batya,46.488,18.9542,82.02,42,8,4.76,HU,2022-05-12 14:42:17
176,Necochea,-38.5473,-58.7368,56.08,58,87,11.3,AR,2022-05-12 14:42:18
177,Malard,35.6659,50.9767,77.18,16,20,18.41,IR,2022-05-12 14:42:19
178,Wawina,15.4167,-84.4333,81.18,74,65,5.99,HN,2022-05-12 14:42:20
179,Barcelos,41.5388,-8.6151,82.92,45,99,8.08,PT,2022-05-12 14:42:20
180,Atasu,48.6814,71.6433,62.13,39,9,4.0,KZ,2022-05-12 14:41:27
181,Verkhnyaya Toyma,62.2349,44.9985,61.16,52,68,9.91,RU,2022-05-12 14:42:21
182,Vestmanna,62.1564,-7.1664,45.52,87,100,6.91,FO,2022-05-12 14:42:22
183,Iqaluit,63.7506,-68.5145,20.93,79,40,24.16,CA,2022-05-12 14:42:23
184,Mahenge,-8.6833,36.7167,68.14,74,70,1.97,TZ,2022-05-12 14:42:24
185,Paidha,2.4167,30.9855,73.9,60,100,4.0,UG,2022-05-12 14:38:30
186,Lagoa Da Prata,-20.0225,-45.5436,79.2,49,96,4.03,BR,2022-05-12 14:43:25
187,Terrace Bay,48.7834,-87.1,44.67,99,100,7.52,CA,2022-05-12 14:39:32
188,Glyadyanskoye,54.9075,65.0883,59.13,39,64,3.91,RU,2022-05-12 14:43:26
189,Gijon,43.5357,-5.6615,63.45,85,100,8.99,ES,2022-05-12 14:43:26
190,Diffa,13.3154,12.6113,107.71,15,29,5.57,NE,2022-05-12 14:43:27
191,Beira,-19.8436,34.8389,80.69,69,20,9.22,MZ,2022-05-12 14:43:28
192,Kruisfontein,-34.0033,24.7314,65.88,74,1,9.71,ZA,2022-05-12 14:43:28
193,Ponta Do Sol,32.6667,-17.1,73.71,75,8,2.21,PT,2022-05-12 14:43:29
194,Tukrah,32.5341,20.5791,65.8,63,80,17.74,LY,2022-05-12 14:43:29
195,Tessalit,20.1986,1.0114,104.49,4,0,5.53,ML,2022-05-12 14:43:30
196,Storsteinnes,69.2408,19.2344,41.65,100,100,4.12,NO,2022-05-12 14:43:30
197,Antofagasta,-23.65,-70.4,70.21,53,38,5.97,CL,2022-05-12 14:41:20
198,Saldanha,-33.0117,17.9442,68.05,62,67,7.29,ZA,2022-05-12 14:40:38
199,Machilipatnam,16.1667,81.1333,82.08,80,83,7.58,IN,2022-05-12 14:43:31
200,Hofn,64.2539,-15.2082,37.42,75,100,11.5,IS,2022-05-12 14:43:32
201,Pritomskiy,53.7724,87.6082,53.37,36,0,4.52,RU,2022-05-12 14:43:32
202,Bambous Virieux,-20.3428,57.7575,75.45,88,40,2.3,MU,2022-05-12 14:43:33
203,Ous,60.9058,61.5186,54.68,48,6,3.06,RU,2022-05-12 14:43:33
204,Olafsvik,64.8945,-23.7142,35.51,91,100,29.66,IS,2022-05-12 14:40:32
205,Araouane,18.9048,-3.5265,108.3,4,4,12.19,ML,2022-05-12 14:43:34
206,Abnub,27.2696,31.1511,98.82,12,0,14.5,EG,2022-05-12 14:43:35
207,Padang,-0.9492,100.3543,79.77,75,100,2.3,ID,2022-05-12 14:43:35
208,Cravo Norte,6.3017,-70.2041,86.61,60,87,4.63,CO,2022-05-12 14:43:36
209,Luce,48.4369,1.4636,68.56,55,100,5.99,FR,2022-05-12 14:43:36
210,Darnah,32.767,22.6367,66.02,62,100,9.89,LY,2022-05-12 14:43:37
211,Marystown,47.1666,-55.1483,50.76,87,76,15.46,CA,2022-05-12 14:43:10
212,Komsomolskiy,40.4272,71.7189,79.52,36,100,6.91,UZ,2022-05-12 14:43:38
213,Kaniama,-7.5667,24.1833,84.74,43,94,3.36,CD,2022-05-12 14:43:38
214,Hihya,30.6713,31.588,80.87,22,52,13.82,EG,2022-05-12 14:43:39
215,Ostrovnoy,68.0531,39.5131,46.11,74,96,10.85,RU,2022-05-12 14:43:39
216,Olinda,-8.0089,-34.8553,83.93,74,75,9.22,BR,2022-05-12 14:41:54
217,Bure,10.7,37.0667,79.3,24,80,4.65,ET,2022-05-12 14:43:41
218,Sharan,54.8167,54.0,46.78,91,100,15.32,RU,2022-05-12 14:43:42
219,Omboue,-1.5746,9.2618,81.3,82,85,7.29,GA,2022-05-12 14:43:42
220,Voyvozh,62.892,54.9635,53.64,48,48,8.3,RU,2022-05-12 14:43:43
221,Auch,43.65,0.5833,81.25,78,99,3.0,FR,2022-05-12 14:43:43
222,Bubaque,11.2833,-15.8333,77.7,79,62,8.88,GW,2022-05-12 14:43:44
223,Kirkwood,38.5834,-90.4068,86.76,70,20,10.36,US,2022-05-12 14:40:58
224,Pedro Carbo,-1.8333,-80.2333,78.53,81,92,1.5,EC,2022-05-12 14:40:52
225,Russkaya Polyana,49.417,31.9201,74.52,55,8,16.4,UA,2022-05-12 14:43:45
226,Talnakh,69.4865,88.3972,33.21,99,100,5.41,RU,2022-05-12 14:43:45
227,Luanda,-8.8368,13.2343,86.0,62,75,4.61,AO,2022-05-12 14:40:44
228,Albany,42.6001,-73.9662,75.58,32,7,3.0,US,2022-05-12 14:40:56
229,Mizdah,31.4451,12.9801,68.27,40,100,14.56,LY,2022-05-12 14:43:46
230,Joensuu,62.6012,29.7632,52.29,71,20,8.05,FI,2022-05-12 14:43:47
231,Pitea,65.3172,21.4794,46.49,64,95,5.01,SE,2022-05-12 14:43:47
232,Bosaso,11.2842,49.1816,87.78,74,0,10.36,SO,2022-05-12 14:44:48
233,Sistranda,63.7256,8.834,46.36,82,100,29.55,NO,2022-05-12 14:44:48
234,Kensington,-33.9167,151.2167,67.12,85,100,5.01,AU,2022-05-12 14:44:49
235,Lasa,46.6166,10.7002,77.88,74,62,3.49,IT,2022-05-12 14:44:49
236,Penzance,50.1186,-5.5371,58.32,77,20,12.66,GB,2022-05-12 14:44:50
237,Cerrito,6.8432,-72.694,62.37,78,85,1.63,CO,2022-05-12 14:44:50
238,Olavarria,-36.8927,-60.3225,54.01,73,65,12.41,AR,2022-05-12 14:44:51
239,Asfi,32.2994,-9.2372,67.33,79,55,18.43,MA,2022-05-12 14:44:51
240,Rawson,-43.3002,-65.1023,58.21,66,100,31.12,AR,2022-05-12 14:44:52
241,Maragogi,-9.0122,-35.2225,82.62,72,28,9.24,BR,2022-05-12 14:44:53
242,Umm Lajj,25.0213,37.2685,86.45,46,0,18.59,SA,2022-05-12 14:44:53
243,Sao Joao Do Piaui,-8.3581,-42.2467,95.5,32,31,5.93,BR,2022-05-12 14:44:54
244,Mezen,65.8522,44.24,51.15,74,95,7.9,RU,2022-05-12 14:44:54
245,Breyten,-26.3018,29.987,60.33,44,0,5.44,ZA,2022-05-12 14:44:55
246,Jumla,29.2747,82.1838,57.99,94,75,3.11,NP,2022-05-12 14:44:55
247,Ustye,59.6304,39.736,54.99,80,100,11.63,RU,2022-05-12 14:44:56
248,Vasilyevo,55.836,48.6582,56.23,74,60,5.59,RU,2022-05-12 14:44:56
249,Sisimiut,66.9395,-53.6735,25.83,72,68,13.82,GL,2022-05-12 14:44:57
250,Santa Cruz De La Palma,28.6835,-17.7642,71.74,68,75,12.66,ES,2022-05-12 14:44:57
251,Chitral,35.8462,71.7858,70.47,53,30,2.28,PK,2022-05-12 14:44:58
252,Kalakamati,-20.5929,27.3121,78.48,22,3,4.52,BW,2022-05-12 14:44:59
253,Ilorin,8.5,4.55,96.78,35,94,6.87,NG,2022-05-12 14:44:59
254,Khartoum,15.5518,32.5324,111.02,8,14,1.01,SD,2022-05-12 14:45:00
255,Bolobo,-2.1667,16.2333,76.95,81,98,2.93,CD,2022-05-12 14:45:00
256,Oyon,-10.6681,-76.7731,52.11,68,68,4.14,PE,2022-05-12 14:45:01
257,Beloha,-25.1667,45.05,67.64,69,0,10.6,MG,2022-05-12 14:45:01
258,Santa Cruz,-17.8,-63.1667,75.25,60,20,12.66,BO,2022-05-12 14:41:24
259,Catamarca,-28.4696,-65.7852,71.78,56,15,8.99,AR,2022-05-12 14:45:02
260,Cypress Gardens,27.9939,-81.6901,78.85,64,0,11.5,US,2022-05-12 14:45:06
261,Manbij,36.5281,37.9549,73.09,37,46,11.07,SY,2022-05-12 14:45:07
262,Mwense,-10.3845,28.698,77.05,57,16,4.56,ZM,2022-05-12 14:45:08
263,Nedjo,9.5046,35.5019,76.57,39,78,4.0,ET,2022-05-12 14:45:08
264,Pechora,65.1472,57.2244,46.8,82,100,15.32,RU,2022-05-12 14:45:09
265,Castro,-24.7911,-50.0119,65.32,61,0,1.95,BR,2022-05-12 14:45:09
266,Harnosand,62.6323,17.9379,55.4,78,100,13.15,SE,2022-05-12 14:45:10
267,Nanortalik,60.1432,-45.2371,35.35,89,100,4.18,GL,2022-05-12 14:45:11
268,Vila Franca Do Campo,37.7167,-25.4333,67.19,57,100,9.64,PT,2022-05-12 14:45:11
269,Saint-Ambroise,48.5501,-71.3324,70.9,40,65,2.3,CA,2022-05-12 14:42:54
270,Somerset East,-32.7217,25.588,65.75,36,0,3.51,ZA,2022-05-12 14:45:12
271,Bilma,18.6853,12.9164,103.3,9,0,16.75,NE,2022-05-12 14:45:13
272,Vestmannaeyjar,63.4427,-20.2734,41.99,75,40,13.8,IS,2022-05-12 14:45:14
273,Ermelo,-26.5333,29.9833,61.05,41,0,5.44,ZA,2022-05-12 14:45:14
274,Leh,34.1667,77.5833,52.3,23,3,6.11,IN,2022-05-12 14:45:14
275,Umm Kaddadah,13.6017,26.6876,102.83,6,100,9.82,SD,2022-05-12 14:45:15
276,Totness,5.8833,-56.3167,80.55,83,24,12.28,SR,2022-05-12 14:45:16
277,Karpogory,64.0019,44.4451,61.18,52,91,3.4,RU,2022-05-12 14:46:16
278,Arlit,18.7369,7.3853,106.3,5,0,9.82,NE,2022-05-12 14:46:17
279,Chingirlau,51.095,54.0814,49.78,73,64,16.69,KZ,2022-05-12 14:46:18
280,Gat,31.61,34.7642,76.41,46,38,12.33,IL,2022-05-12 14:46:18
281,Angoche,-16.2325,39.9086,76.23,65,12,8.32,MZ,2022-05-12 14:46:19
282,Lekoni,-1.5843,14.2591,88.36,48,73,4.16,GA,2022-05-12 14:46:19
283,Bandarbeyla,9.4942,50.8122,83.3,80,88,15.05,SO,2022-05-12 14:46:20
284,Mongoumba,3.6415,18.5936,87.04,53,54,0.89,CF,2022-05-12 14:46:20
285,Panaba,21.2833,-88.2667,84.79,40,0,8.84,MX,2022-05-12 14:46:21
286,Yarmouth,41.7057,-70.2286,60.96,92,100,11.5,US,2022-05-12 14:46:21
287,Atar,20.5169,-13.0499,107.62,11,0,12.64,MR,2022-05-12 14:46:22
288,Aksay,47.26,39.87,66.42,50,75,14.27,RU,2022-05-12 14:46:23
289,Cobija,-11.0267,-68.7692,73.58,88,100,3.44,BO,2022-05-12 14:46:23
290,Bara,10.3744,10.7288,97.75,33,76,7.61,NG,2022-05-12 14:46:24
291,Ajdabiya,30.7554,20.2263,73.89,50,87,15.1,LY,2022-05-12 14:46:24
292,Kazaki,52.6248,38.2649,62.02,73,100,16.73,RU,2022-05-12 14:46:25
293,Sosua,19.7667,-70.5167,85.91,79,75,11.5,DO,2022-05-12 14:46:25
294,Tarko-Sale,64.9225,77.785,50.77,70,100,2.98,RU,2022-05-12 14:46:26
295,Port Blair,11.6667,92.75,78.84,89,75,1.14,IN,2022-05-12 14:46:26
296,Husavik,66.0449,-17.3389,33.17,98,100,18.16,IS,2022-05-12 14:41:52
297,Anloga,5.7947,0.8973,85.84,69,90,9.78,GH,2022-05-12 14:46:27
298,Bugiri,0.5714,33.7417,73.31,78,78,7.83,UG,2022-05-12 14:46:28
299,Sao Joao Da Barra,-21.6403,-41.0511,80.69,58,81,11.7,BR,2022-05-12 14:46:28
300,Lauf,48.65,8.1333,76.24,60,0,4.61,DE,2022-05-12 14:46:29
301,Tabou,4.423,-7.3528,79.03,89,100,9.66,CI,2022-05-12 14:46:29
302,Grindavik,63.8424,-22.4338,42.75,81,40,21.85,IS,2022-05-12 14:46:30
303,Castelnau-Le-Lez,43.6333,3.9,75.76,65,0,8.05,FR,2022-05-12 14:46:30
304,Rock Sound,24.9,-76.2,74.5,71,4,3.0,BS,2022-05-12 14:46:31
305,Belmonte,-15.8631,-38.8828,83.46,64,49,6.82,BR,2022-05-12 14:41:46
306,Beisfjord,68.3751,17.5988,46.45,98,95,5.12,NO,2022-05-12 14:46:32
307,Bengkulu,-3.8004,102.2655,77.4,89,100,5.93,ID,2022-05-12 14:46:32
308,Ephrata,40.1798,-76.1788,72.39,72,100,8.05,US,2022-05-12 14:46:17
309,Oussouye,12.485,-16.5469,95.18,41,48,11.56,SN,2022-05-12 14:46:33
310,Sebinkarahisar,40.2883,38.4236,49.86,45,91,9.55,TR,2022-05-12 14:46:33
311,Luena,-11.7833,19.9167,82.58,61,40,6.91,AO,2022-05-12 14:46:34
312,Arys,42.4252,68.795,72.86,45,96,6.64,KZ,2022-05-12 14:46:35
313,Sioni,41.9895,45.0239,59.36,68,19,9.71,GE,2022-05-12 14:46:35
314,Canto Do Buriti,-8.11,-42.9444,94.17,33,69,5.97,BR,2022-05-12 14:46:36
315,Camopi,3.1655,-52.3158,82.74,73,56,6.82,GF,2022-05-12 14:46:36
316,Manta,-0.95,-80.7333,76.78,88,100,5.75,EC,2022-05-12 14:46:37
317,Margate,51.3813,1.3862,64.87,50,40,12.33,GB,2022-05-12 14:46:38
318,Najran,17.4924,44.1277,95.65,10,1,16.44,SA,2022-05-12 14:42:15
319,Ambilobe,-13.2,49.05,75.9,85,63,4.05,MG,2022-05-12 14:46:38
320,Rio Gallegos,-51.6226,-69.2181,37.45,93,100,11.5,AR,2022-05-12 14:45:32
321,Chapais,49.7834,-74.8492,67.78,37,94,5.88,CA,2022-05-12 14:47:39
322,Salinopolis,-0.6136,-47.3561,80.6,83,93,5.59,BR,2022-05-12 14:47:40
323,Kamennogorsk,60.9545,29.1339,52.29,80,100,4.88,RU,2022-05-12 14:47:40
324,Tigzirt,36.8886,4.1198,75.79,52,25,8.88,DZ,2022-05-12 14:47:41
325,Inhambane,-23.865,35.3833,78.78,65,20,6.91,MZ,2022-05-12 14:47:41
326,Casablanca,33.5928,-7.6192,79.02,47,75,16.11,MA,2022-05-12 14:45:27
327,Cerkezkoy,41.285,28.0003,73.58,35,20,6.91,TR,2022-05-12 14:47:42
328,Kambove,-10.8764,26.5969,71.35,62,45,3.67,CD,2022-05-12 14:47:42
329,Robe,-37.1833,139.75,58.26,88,26,2.26,AU,2022-05-12 14:47:43
330,Vryburg,-26.9566,24.7284,73.76,24,0,9.44,ZA,2022-05-12 14:47:43
331,Norden,53.6,7.2,65.95,74,52,17.63,DE,2022-05-12 14:47:44
332,Nantucket,41.2835,-70.0995,59.14,88,100,13.8,US,2022-05-12 14:47:45
333,Antalaha,-14.9003,50.2788,76.82,76,15,11.34,MG,2022-05-12 14:47:45
334,Irbil,36.1926,44.0106,76.82,27,40,12.66,IQ,2022-05-12 14:47:46
335,Nizwa,22.9333,57.5333,95.94,9,75,6.55,OM,2022-05-12 14:47:47
336,Cayenne,4.9333,-52.3333,86.09,34,75,17.27,GF,2022-05-12 14:47:47
337,Barmer,25.75,71.3833,98.71,13,11,20.56,IN,2022-05-12 14:47:48
338,Bologoye,57.8799,34.1068,54.37,90,100,0.72,RU,2022-05-12 14:47:48
339,Codajas,-3.8367,-62.0569,87.94,61,45,4.65,BR,2022-05-12 14:47:49
340,Statesboro,32.4488,-81.7832,72.93,60,0,5.75,US,2022-05-12 14:45:18
341,Palapye,-22.546,27.1251,79.34,25,5,1.99,BW,2022-05-12 14:47:51
342,Blagoyevo,63.3667,47.9167,48.74,90,100,11.34,RU,2022-05-12 14:47:51
343,Tocopilla,-22.092,-70.1979,68.97,65,9,6.73,CL,2022-05-12 14:47:52
344,Cozumel,20.5083,-86.9458,80.94,76,14,5.99,MX,2022-05-12 14:47:52
345,Ugep,5.8086,8.0812,83.08,67,100,3.76,NG,2022-05-12 14:47:53
346,Korla,41.7597,86.1469,62.26,54,99,23.42,CN,2022-05-12 14:46:42
347,Vanderbijlpark,-26.7117,27.838,68.05,27,0,4.63,ZA,2022-05-12 14:47:54
348,Maldonado,-34.6667,-54.9167,61.99,52,22,7.29,UY,2022-05-12 14:45:27
349,Eyl,7.9803,49.8164,85.77,70,95,18.14,SO,2022-05-12 14:47:54
350,Takoradi,4.8845,-1.7554,85.1,72,90,9.08,GH,2022-05-12 14:47:55
351,Santa Fe,-31.6333,-60.7,65.01,64,1,5.01,AR,2022-05-12 14:47:55
352,Santa Maria,-29.6842,-53.8069,58.3,82,100,6.91,BR,2022-05-12 14:47:56
353,Los Llanos De Aridane,28.6585,-17.9182,67.75,85,75,12.66,ES,2022-05-12 14:47:56
354,Maraa,-1.8333,-65.3667,83.79,78,85,4.32,BR,2022-05-12 14:47:57
355,Pangnirtung,66.1451,-65.7125,19.4,86,75,11.5,CA,2022-05-12 14:47:57
356,Sur,22.5667,59.5289,93.63,30,88,8.99,OM,2022-05-12 14:47:58
357,Charlottetown,46.2352,-63.1267,64.92,45,20,15.01,CA,2022-05-12 14:47:59
358,Bardiyah,31.7561,25.0865,71.47,57,100,2.46,LY,2022-05-12 14:47:59
359,Serrana,-21.2114,-47.5956,73.35,47,57,5.97,BR,2022-05-12 14:47:37
360,Krasnovka,48.8177,40.0923,65.84,50,85,13.4,RU,2022-05-12 14:48:00
361,Siuna,13.7332,-84.7773,84.45,55,66,5.97,NI,2022-05-12 14:48:00
362,Tombouctou,20.0,-3.0,107.46,5,0,12.53,ML,2022-05-12 14:48:01
363,Udupi,13.35,74.75,79.84,84,100,6.64,IN,2022-05-12 14:44:01
364,Iralaya,15.0,-83.2333,80.69,80,17,10.56,HN,2022-05-12 14:49:02
365,Camacha,33.0833,-16.3333,69.22,68,20,13.8,PT,2022-05-12 14:49:02
366,Tsiroanomandidy,-18.7667,46.0333,68.31,53,0,2.93,MG,2022-05-12 14:49:03
367,Parabel,58.6978,81.4825,56.23,37,89,7.25,RU,2022-05-12 14:49:03
368,Karaman,37.0833,33.25,64.89,30,14,12.21,TR,2022-05-12 14:49:04
369,Vila Velha,-20.3297,-40.2925,85.95,58,0,16.11,BR,2022-05-12 14:49:05
370,Nouadhibou,20.931,-17.0347,76.98,61,6,17.27,MR,2022-05-12 14:49:05
371,Sechura,-5.5569,-80.8222,72.36,66,67,10.47,PE,2022-05-12 14:49:06
372,Les Escoumins,48.1111,-69.0236,51.15,44,70,4.12,CA,2022-05-12 14:49:06
373,Bad Salzungen,50.8167,10.2333,72.21,44,89,9.19,DE,2022-05-12 14:49:07
374,Hambantota,6.1241,81.1185,79.14,100,40,8.05,LK,2022-05-12 14:49:07
375,Joao Pinheiro,-17.7425,-46.1725,82.87,38,95,4.7,BR,2022-05-12 14:49:08
376,Marawi,7.9986,124.2928,71.04,94,99,2.26,PH,2022-05-12 14:49:08
377,Lucapa,-8.4192,20.7447,80.13,50,62,2.28,AO,2022-05-12 14:49:09
378,Eenhana,-17.4667,16.3333,85.12,11,0,7.0,NA,2022-05-12 14:49:10
379,Morondava,-20.2833,44.2833,78.19,61,0,9.28,MG,2022-05-12 14:49:10
380,Tselinnoye,53.0833,85.6667,59.43,30,70,2.48,RU,2022-05-12 14:49:11
381,Aden,12.7794,45.0367,86.99,66,1,8.97,YE,2022-05-12 14:46:15
382,Maputo,-25.9653,32.5892,78.48,79,20,6.91,MZ,2022-05-12 14:49:12
383,Hvide Sande,56.0045,8.1294,57.09,76,75,20.71,DK,2022-05-12 14:49:12
384,Hare Bay,48.8499,-54.0148,65.8,46,80,11.41,CA,2022-05-12 14:49:13
385,San Antonio,29.4241,-98.4936,78.19,81,100,10.36,US,2022-05-12 14:49:13
386,Bonfim,3.0833,-59.95,88.74,52,32,8.86,BR,2022-05-12 14:49:14
387,Chipinge,-20.1883,32.6236,64.71,73,8,6.02,ZW,2022-05-12 14:49:14
388,Ouahigouya,13.5828,-2.4216,107.37,14,34,1.9,BF,2022-05-12 14:49:15
389,Sambava,-14.2667,50.1667,76.77,82,49,14.65,MG,2022-05-12 14:49:16
390,Brae,60.3964,-1.353,48.18,87,99,23.64,GB,2022-05-12 14:49:16
391,Ilulissat,69.2167,-51.1,24.82,50,20,9.22,GL,2022-05-12 14:49:17
392,Comodoro Rivadavia,-45.8667,-67.5,49.86,81,100,8.05,AR,2022-05-12 14:45:01
393,Treuchtlingen,48.95,10.9167,76.51,63,62,10.45,DE,2022-05-12 14:49:18
394,Banda Aceh,5.5577,95.3222,82.13,77,77,10.31,ID,2022-05-12 14:49:18
395,Hatillo,18.4863,-66.8254,85.1,78,100,4.0,PR,2022-05-12 14:49:19
396,Saint-Augustin,51.226,-58.6502,52.5,43,19,16.87,CA,2022-05-12 14:49:19
397,Mount Darwin,-16.7725,31.5838,75.47,43,16,4.54,ZW,2022-05-12 14:49:20
398,Butembo,0.15,29.2833,64.78,87,100,2.44,CD,2022-05-12 14:49:21
399,Zhezkazgan,47.8043,67.7144,67.98,40,0,4.47,KZ,2022-05-12 14:49:21
400,Camocim,-2.9022,-40.8411,84.99,67,86,3.04,BR,2022-05-12 14:49:22
401,Veraval,20.9,70.3667,83.91,83,41,16.62,IN,2022-05-12 14:49:22
402,Polovinnoye,54.7914,65.9864,59.18,34,58,0.22,RU,2022-05-12 14:49:23
403,Chunhuhub,19.55,-88.6833,83.35,52,35,3.49,MX,2022-05-12 14:49:23
404,Dmitrov,56.35,37.5167,68.65,91,100,11.63,RU,2022-05-12 14:49:24
405,Qeshm,26.9581,56.2719,93.07,53,0,12.5,IR,2022-05-12 14:49:24
406,Ikongo,-21.8833,47.4333,65.79,99,19,1.63,MG,2022-05-12 14:49:25
407,Thinadhoo,0.5333,72.9333,83.89,75,83,13.04,MV,2022-05-12 14:49:25
408,Dwarka,22.2394,68.9678,83.97,82,1,14.29,IN,2022-05-12 14:49:26
409,Auray,47.6703,-2.9918,65.48,67,98,9.73,FR,2022-05-12 14:49:27
410,Manaira,-7.7061,-38.1544,89.76,35,78,6.73,BR,2022-05-12 14:49:27
411,Alberton,46.8168,-64.0654,66.33,59,0,10.6,CA,2022-05-12 14:49:28
412,Alakurtti,66.9672,30.3491,52.39,62,99,3.13,RU,2022-05-12 14:50:28
413,Mathbaria,22.2876,89.9593,82.58,78,0,10.31,BD,2022-05-12 14:47:58
414,Zhanaozen,43.3,52.8,65.14,41,13,10.78,KZ,2022-05-12 14:50:29
415,Saint-Joseph,-21.3667,55.6167,75.58,78,55,6.96,RE,2022-05-12 14:46:45
416,Stephenville,32.2207,-98.2023,77.18,73,40,12.66,US,2022-05-12 14:50:30
417,Mabaruma,8.2,-59.7833,80.76,85,4,7.02,GY,2022-05-12 14:50:31
418,Barranca,-10.75,-77.7667,65.68,81,88,6.06,PE,2022-05-12 14:50:31
419,Caraballeda,10.6112,-66.8522,92.86,57,20,4.61,VE,2022-05-12 14:50:32
420,San Cristobal,7.7669,-72.225,69.98,51,98,6.87,VE,2022-05-12 14:46:49
421,San Carlos,9.6612,-68.5827,88.68,50,100,6.44,VE,2022-05-12 14:50:33
422,Kibala,9.1104,18.3463,102.16,25,89,3.69,TD,2022-05-12 14:50:33
423,Raudeberg,61.9875,5.1352,47.07,85,99,19.13,NO,2022-05-12 14:50:33
424,Khorramshahr,30.4397,48.1664,98.56,9,0,18.41,IR,2022-05-12 14:50:34
425,Awjilah,29.1081,21.2869,76.23,51,70,2.42,LY,2022-05-12 14:50:34
426,Berea,41.3662,-81.8543,79.05,39,20,8.05,US,2022-05-12 14:50:35
427,Richards Bay,-28.783,32.0377,73.81,73,26,8.95,ZA,2022-05-12 14:50:35
428,San Pedro,14.35,121.0167,86.36,72,20,4.61,PH,2022-05-12 14:47:16
429,Kemin,42.7846,75.6892,57.61,77,100,4.41,KG,2022-05-12 14:50:36
430,Santarem,-2.4431,-54.7083,84.33,89,20,12.66,BR,2022-05-12 14:46:43
431,Gameleira,-8.5844,-35.3867,84.85,62,58,8.14,BR,2022-05-12 14:50:37
432,Sohbatpur,28.5202,68.5434,106.52,2,0,12.77,PK,2022-05-12 14:50:37
433,Amparafaravola,-17.5833,48.2167,65.82,82,20,5.68,MG,2022-05-12 14:50:38
434,Mashhad,36.297,59.6062,73.54,46,0,11.5,IR,2022-05-12 14:48:20
435,Bayan,46.0833,127.4,43.34,35,3,5.23,CN,2022-05-12 14:46:31
436,Iquitos,-3.7481,-73.2472,75.24,100,75,0.0,PE,2022-05-12 14:50:39
437,Mitu,1.1983,-70.1733,78.1,94,94,2.82,CO,2022-05-12 14:50:39
438,Shakhovskaya,56.0283,35.5097,58.89,90,100,14.16,RU,2022-05-12 14:50:40
439,Roros,62.5747,11.3842,40.84,75,75,11.5,NO,2022-05-12 14:50:41
440,Presidencia Roque Saenz Pena,-26.7852,-60.4388,68.79,55,0,7.14,AR,2022-05-12 14:50:41
441,Cabedelo,-6.9811,-34.8339,77.67,69,66,12.24,BR,2022-05-12 14:50:42
442,Peterhead,57.5058,-1.7981,55.8,70,100,11.95,GB,2022-05-12 14:50:42
443,Porto Novo,6.4965,2.6036,88.18,60,100,8.39,BJ,2022-05-12 14:48:36
444,Paracuru,-3.41,-39.0306,84.11,74,67,8.32,BR,2022-05-12 14:50:43
445,Ukhta,63.5671,53.6835,46.94,76,100,8.3,RU,2022-05-12 14:50:44
446,Hun,29.1268,15.9477,76.35,34,45,15.84,LY,2022-05-12 14:50:44
447,Micheweni,-4.9667,39.8333,80.74,76,28,14.05,TZ,2022-05-12 14:50:45
448,Puerto Del Rosario,28.5004,-13.8627,74.95,69,20,9.22,ES,2022-05-12 14:50:45
449,Mponela,-13.5319,33.7401,75.29,66,18,7.94,MW,2022-05-12 14:50:46
450,Yenagoa,4.9247,6.2642,90.01,58,94,3.62,NG,2022-05-12 14:50:46
451,Manicore,-5.8092,-61.3003,87.75,70,17,8.05,BR,2022-05-12 14:50:47
452,Noyabrsk,63.1994,75.4507,55.9,59,99,9.44,RU,2022-05-12 14:50:48
453,Uyemskiy,64.4743,40.8524,57.25,66,75,6.71,RU,2022-05-12 14:50:48
454,Muisne,0.6,-80.0333,79.47,80,92,6.62,EC,2022-05-12 14:50:49
455,Parrita,9.5201,-84.3225,84.29,69,36,4.0,CR,2022-05-12 14:50:49
456,Marzuq,14.4,46.4667,90.27,11,8,10.83,YE,2022-05-12 14:50:50
457,Utiel,39.5667,-1.2,69.94,35,99,10.87,ES,2022-05-12 14:50:50
458,Oistins,13.0667,-59.5333,86.09,66,20,20.71,BB,2022-05-12 14:50:51
459,Troitskaya,43.3056,44.9789,66.22,64,82,2.21,RU,2022-05-12 14:50:51
460,Tibati,6.4667,12.6333,84.74,50,100,7.25,CM,2022-05-12 14:51:52
461,Abu Zabad,12.35,29.25,101.55,18,81,9.08,SD,2022-05-12 14:51:53
462,Itarema,-2.9248,-39.9167,85.19,68,51,6.51,BR,2022-05-12 14:51:53
463,Kotlas,61.2611,46.6556,46.69,82,100,12.55,RU,2022-05-12 14:51:54
464,Jacksonville,30.3322,-81.6556,78.12,62,20,11.5,US,2022-05-12 14:51:34
465,Touros,-5.1989,-35.4608,83.03,77,67,12.88,BR,2022-05-12 14:51:54
466,Westport,41.1415,-73.3579,72.63,82,100,8.05,US,2022-05-12 14:51:55
467,Illela,13.7292,5.2975,108.48,13,83,7.29,NG,2022-05-12 14:51:55
468,Hukuntsi,-24.0,21.75,80.55,15,0,9.53,BW,2022-05-12 14:51:56
469,Charagua,-19.8,-63.2167,63.97,53,88,5.12,BO,2022-05-12 14:51:57
470,Frolovo,49.7713,43.6622,61.93,62,100,13.27,RU,2022-05-12 14:51:57
471,Santa Rosa,14.3122,121.1114,87.12,74,31,5.77,PH,2022-05-12 14:51:58
472,Goderich,43.7501,-81.7165,73.72,28,73,5.75,CA,2022-05-12 14:51:58
473,Xuddur,4.1213,43.8894,81.34,61,99,11.21,SO,2022-05-12 14:51:59
474,Simoes,-7.5989,-40.8178,93.02,34,27,7.38,BR,2022-05-12 14:52:00
475,Tumbes,-3.5667,-80.4414,78.12,70,74,2.04,PE,2022-05-12 14:52:00
476,Dharchula,29.85,80.5333,71.29,75,81,4.36,IN,2022-05-12 14:52:01
477,Mecca,21.4267,39.8261,100.69,16,0,11.18,SA,2022-05-12 14:49:43
478,Danielskuil,-28.1887,23.5395,68.68,26,0,13.13,ZA,2022-05-12 14:52:01
479,Floro,61.5996,5.0328,48.16,71,75,12.66,NO,2022-05-12 14:52:02
480,Krasnaya Gora,52.9995,31.6023,65.48,79,70,24.74,RU,2022-05-12 14:52:02
481,Cap-Aux-Meules,47.3821,-61.8597,51.85,66,20,10.36,CA,2022-05-12 14:52:03
482,Salalah,17.0151,54.0924,85.53,52,3,2.53,OM,2022-05-12 14:52:03
483,Talcahuano,-36.7167,-73.1167,47.88,100,100,4.61,CL,2022-05-12 14:52:04
484,Portobelo,9.55,-79.65,89.11,75,37,6.58,PA,2022-05-12 14:52:04
485,Isilkul,54.9109,71.2728,59.02,43,100,1.57,RU,2022-05-12 14:52:05
486,Porbandar,21.6422,69.6093,84.54,78,1,11.99,IN,2022-05-12 14:48:41
487,Saint-Andre-Avellin,45.7168,-75.066,78.93,54,13,5.26,CA,2022-05-12 14:52:06
488,Jalu,29.0331,21.5482,76.24,49,62,4.12,LY,2022-05-12 14:52:06
489,Neiva,2.9273,-75.2819,76.89,83,75,9.22,CO,2022-05-12 14:50:27
490,Turukhansk,65.8167,87.9833,36.61,100,100,4.45,RU,2022-05-12 14:52:07
491,Makariv,50.4641,29.8113,73.98,59,45,19.55,UA,2022-05-12 14:52:07
492,Mapiripan,2.8892,-72.1256,80.53,82,91,1.25,CO,2022-05-12 14:52:08
493,Mantua,45.1667,10.7833,86.09,44,24,5.99,IT,2022-05-12 14:52:09
494,Saint Anthony,45.0205,-93.218,65.93,94,100,9.22,US,2022-05-12 14:52:09
495,Macusani,-14.0833,-70.4333,45.81,46,1,5.14,PE,2022-05-12 14:52:10
496,Eirunepe,-6.6603,-69.8736,79.81,91,68,3.38,BR,2022-05-12 14:52:10
497,Navalgund,15.5667,75.3667,77.9,69,100,20.02,IN,2022-05-12 14:52:11
498,Corumba,-19.0092,-57.6533,76.71,64,0,4.61,BR,2022-05-12 14:52:11
499,Halifax,44.6453,-63.5724,75.69,55,20,6.91,CA,2022-05-12 14:51:04
500,Naron,43.5167,-8.1528,72.55,70,100,16.91,ES,2022-05-12 14:52:12
501,Gdov,58.7406,27.8122,47.57,90,88,11.43,RU,2022-05-12 14:52:14
502,Pryluky,50.5932,32.3876,73.2,62,61,19.66,UA,2022-05-12 14:52:14
503,Thompson,55.7435,-97.8558,42.96,65,75,3.44,CA,2022-05-12 14:52:15
504,Puerto Quijarro,-17.7833,-57.7667,87.6,40,55,3.96,BO,2022-05-12 14:52:15
505,Salta,-24.7859,-65.4117,65.57,69,20,5.01,AR,2022-05-12 14:50:31
506,Koutsouras,35.0339,25.9469,69.12,63,100,5.32,GR,2022-05-12 14:53:16
507,Taraz,42.9,71.3667,64.81,72,100,6.71,KZ,2022-05-12 14:53:17
508,Narok,-1.0783,35.8601,67.17,70,94,5.44,KE,2022-05-12 14:53:18
509,Jijiga,9.35,42.8,80.53,22,25,12.62,ET,2022-05-12 14:53:19
510,Lodwar,3.1191,35.5973,94.55,27,91,16.42,KE,2022-05-12 14:53:19
511,Yarim,14.298,44.3779,70.52,17,0,14.03,YE,2022-05-12 14:53:20
512,Samarkand,39.6542,66.9597,69.22,52,40,16.11,UZ,2022-05-12 14:53:20
513,Gerash,27.6652,54.1371,96.94,4,0,10.51,IR,2022-05-12 14:53:21
514,Neka,36.6508,53.299,63.91,82,100,6.91,IR,2022-05-12 14:53:21
515,Perchtoldsdorf,48.119,16.2574,85.24,42,43,8.01,AT,2022-05-12 14:53:22
516,Sylacauga,33.1732,-86.2516,79.2,48,0,11.5,US,2022-05-12 14:53:19
517,Reconquista,-29.15,-59.65,66.11,57,0,8.19,AR,2022-05-12 14:53:22
518,Port-Cartier,50.0334,-66.8654,62.82,39,10,8.46,CA,2022-05-12 14:52:53
519,Salinas,36.6777,-121.6555,52.56,79,0,3.44,US,2022-05-12 14:53:21
520,Ushtobe,45.2514,77.9838,71.98,34,76,10.22,KZ,2022-05-12 14:53:23
521,Asuncion,-25.3007,-57.6359,67.89,73,20,6.91,PY,2022-05-12 14:50:11
522,Virginia Beach,36.8529,-75.978,58.05,94,100,17.27,US,2022-05-12 14:50:05
523,Kedougou,12.5579,-12.1743,108.64,9,7,5.84,SN,2022-05-12 14:53:24
524,Iracoubo,5.4802,-53.2011,81.39,79,20,12.55,GF,2022-05-12 14:53:25
525,Ayodhya,26.8,82.2,95.59,34,64,9.19,IN,2022-05-12 14:53:25
526,Bari,41.1177,16.8512,81.86,57,0,8.05,IT,2022-05-12 14:53:26
527,Jardim,-21.4803,-56.1381,78.64,40,0,1.48,BR,2022-05-12 14:53:27
528,Wilmington,34.2257,-77.9447,64.94,88,100,12.66,US,2022-05-12 14:51:12
529,Slavonski Brod,45.1603,18.0156,88.57,41,14,3.56,HR,2022-05-12 14:53:27
530,Aksu,41.1231,80.2644,72.99,31,76,7.07,CN,2022-05-12 14:53:28
531,Pryvillya,49.015,38.3046,69.46,45,39,14.79,UA,2022-05-12 14:53:29
532,Quelimane,-17.8786,36.8883,80.55,61,40,9.22,MZ,2022-05-12 14:53:29
533,Praia Da Vitoria,38.7333,-27.0667,66.76,72,40,4.83,PT,2022-05-12 14:53:30
534,Abalak,58.1286,68.5944,54.43,66,76,0.54,RU,2022-05-12 14:53:31
535,Key Largo,25.0865,-80.4473,75.99,58,1,5.44,US,2022-05-12 14:50:28
536,Filadelfia,39.9523,-75.1638,71.51,78,100,12.66,US,2022-05-12 14:50:32
537,Guca,43.7767,20.2253,82.29,45,11,6.64,RS,2022-05-12 14:53:31
538,Fomboni,-12.28,43.7425,81.19,63,6,10.36,KM,2022-05-12 14:53:32
539,Gazalkent,41.5581,69.7708,63.95,63,87,1.81,UZ,2022-05-12 14:53:32
540,Panama City,8.9936,-79.5197,87.17,78,40,6.91,PA,2022-05-12 14:48:58
541,Senno,59.5336,33.9167,51.1,87,100,7.25,RU,2022-05-12 14:53:33
542,Chateauroux,46.8167,1.7,66.2,77,75,3.44,FR,2022-05-12 14:53:34
543,Chelmsford,51.7357,0.4696,65.95,52,7,1.01,GB,2022-05-12 14:53:35
544,Gornopravdinsk,60.05,69.9,53.42,87,97,5.26,RU,2022-05-12 14:53:35
545,Severodvinsk,64.5635,39.8302,57.31,60,89,3.58,RU,2022-05-12 14:53:36
546,Mubarakpur,26.09,83.2922,97.25,31,58,8.19,IN,2022-05-12 14:53:36
547,Santa Cruz Cabralia,-16.2781,-39.0247,84.43,58,20,8.05,BR,2022-05-12 14:53:37
548,Hauterive,46.0901,3.4459,68.76,63,100,4.38,FR,2022-05-12 14:53:37
549,Pizarro,4.9533,-77.366,79.03,88,100,6.49,CO,2022-05-12 14:53:38
550,Kaspiysk,42.8816,47.6392,62.78,55,94,11.18,RU,2022-05-12 14:53:39
551,Agirish,61.9247,63.0231,47.39,87,84,3.18,RU,2022-05-12 14:54:39
552,Taltal,-25.4,-70.4833,64.71,70,7,4.09,CL,2022-05-12 14:54:40
553,Dinajpur,25.6272,88.6386,85.06,71,41,6.76,BD,2022-05-12 14:50:13
554,Karpathos,35.507,27.2132,67.96,64,0,11.5,GR,2022-05-12 14:54:41
555,General Roca,-39.0333,-67.5833,54.36,84,100,3.33,AR,2022-05-12 14:54:41
556,Humaita,-7.5061,-63.0208,90.75,51,7,3.65,BR,2022-05-12 14:54:42
557,Bytca,49.224,18.5588,79.59,36,40,17.27,SK,2022-05-12 14:54:42
558,Muros,42.7762,-9.0603,75.83,57,100,8.1,ES,2022-05-12 14:54:43
559,Chalons-En-Champagne,48.9539,4.3672,70.83,58,100,8.97,FR,2022-05-12 14:54:44
560,Ponta Delgada,37.7333,-25.6667,67.5,55,20,14.97,PT,2022-05-12 14:54:44
561,Krosno,49.6887,21.7706,68.23,80,56,14.43,PL,2022-05-12 14:54:45
562,Sakakah,29.9697,40.2064,89.17,14,0,16.46,SA,2022-05-12 14:54:45
563,Alice Town,25.7167,-79.3,74.19,70,15,6.96,BS,2022-05-12 14:54:46
564,Waddan,29.1614,16.139,75.79,36,57,16.49,LY,2022-05-12 14:54:46
565,Elbistan,38.2059,37.1983,63.64,30,25,15.05,TR,2022-05-12 14:54:47
566,Dondo,-19.6094,34.7431,80.11,75,55,6.08,MZ,2022-05-12 14:54:47
567,Nevsehir,38.9167,34.6667,65.41,26,40,4.61,TR,2022-05-12 14:54:48
568,Birzai,56.2,24.75,58.28,61,47,19.15,LT,2022-05-12 14:54:48
569,Puerto Suarez,-18.95,-57.8,77.36,65,75,4.61,BO,2022-05-12 14:54:49
570,San Ramon De La Nueva Oran,-23.1322,-64.326,72.68,56,99,3.36,AR,2022-05-12 14:54:49
571,Suluq,31.6682,20.2521,74.79,39,42,16.06,LY,2022-05-12 14:54:50
572,Kismayo,-0.3582,42.5454,81.66,77,98,15.84,SO,2022-05-12 14:54:51
573,Aleksandrov Gay,50.147,48.5704,51.39,79,100,14.09,RU,2022-05-12 14:54:51
574,Cap Malheureux,-19.9842,57.6142,73.47,83,7,1.99,MU,2022-05-12 14:54:52
575,Erice,38.037,12.5865,69.37,83,0,17.27,IT,2022-05-12 14:54:52
